empId,staffName,age,gender,address,phone,role
AS1,Greer Breton,42,Female,538 Clyde Gallagher Alley,541-779-0838,Receptionist
AS2,Gae Iglesia,33,Male,84628 Hanover Avenue,686-237-6324,Boarding Incharge
AS3,Danni Alcott,22,Male,7 Acker Alley,174-495-6057,Boarding Incharge
AS4,Kaitlin Matzaitis,45,Male,7819 Montana Crossing,193-344-1310,Support staff
AS5,Base Balassa,47,Male,5207 Riverside Street,662-669-9376,Boarding Incharge
AS6,Robinett Warmisham,26,Male,5 Larry Parkway,648-551-7113,General Manager
AS7,Berne Brislane,41,Male,3 Emmet Plaza,658-745-0006,Boarding Incharge
AS8,Cathryn Telega,33,Male,8 Shopko Circle,162-851-5498,Boarding Incharge
AS9,Jim Taplow,41,Male,5 Briar Crest Court,223-842-1130,Support staff
AS10,Dolph Duffell,36,Male,8488 Beilfuss Court,475-907-8822,Boarding Incharge
AS11,Logan Bottleson,47,Female,0 Mesta Terrace,763-719-2697,check-in Baggage
AS12,Averill Stivens,49,Male,1 Coolidge Center,682-175-7429,Boarding Incharge
AS13,Verge Auger,50,Male,3893 Evergreen Way,137-797-7930,Receptionist
AS14,Torey Bang,34,Female,75071 Packers Way,456-460-2343,Support staff
AS15,Jeniece MacCook,44,Female,042 Chive Lane,479-127-8278,Receptionist
AS16,Hunter Shone,38,Male,386 Union Way,311-414-6774,Support staff
AS17,Waly Sleightholm,23,Female,424 Grayhawk Road,229-311-5819,Support staff
AS18,Duff Davis,36,Female,55 Shopko Parkway,103-207-8972,Boarding Incharge
AS19,Cody Anstis,41,Female,31897 Anhalt Court,515-809-7116,Boarding Incharge
AS20,Lizzy Voas,44,Male,8446 Redwing Street,340-219-8912,Boarding Incharge
AS21,Lou Arnull,45,Male,724 Judy Terrace,240-765-0710,Support staff
AS22,Randie Fradson,49,Female,3868 Burrows Way,245-535-2006,Receptionist
AS23,Hamish Digby,35,Female,65041 Iowa Trail,999-280-5670,Boarding Incharge
AS24,Dennet Hove,36,Male,83 American Junction,358-666-9974,General Manager
AS25,Rouvin Haukey,36,Female,47926 Banding Lane,973-676-1594,Boarding Incharge
AS26,Raychel McIlvoray,49,Female,1255 Hayes Lane,130-233-7169,General Manager
AS27,Birgit Petras,31,Female,5 Blackbird Pass,803-597-7876,Receptionist
AS28,Ernesto Lukash,40,Male,142 Vahlen Point,690-947-1609,check-in Baggage
AS29,Claudetta Bushe,33,Female,9669 Fair Oaks Avenue,945-327-3369,Boarding Incharge
AS30,Ettie Carnier,50,Male,1953 Pearson Pass,476-691-0169,check-in Baggage
AS31,Noam Hovenden,47,Female,988 Huxley Parkway,405-140-2208,Support staff
AS32,Caren MacLleese,49,Male,51125 Pankratz Drive,966-201-0734,General Manager
AS33,Feodora Tenney,42,Male,43390 Morningstar Crossing,927-455-8980,Support staff
AS34,Hanny Wincom,24,Male,12502 Emmet Terrace,343-857-3705,Boarding Incharge
AS35,Katherine Donati,26,Female,87268 Melvin Trail,411-772-5764,check-in Baggage
AS36,Mariann Giacobo,30,Female,9751 Charing Cross Court,195-118-2890,check-in Baggage
AS37,Barnabe Selwyn,24,Male,24474 Ohio Pass,248-239-2445,Boarding Incharge
AS38,Chrissy Coggell,24,Male,51 Hauk Point,692-856-3973,Boarding Incharge
AS39,Guthrey Sangar,46,Male,9644 Gateway Parkway,494-118-4541,Boarding Incharge
AS40,Dacia Gullam,47,Male,8881 Hollow Ridge Street,306-620-9169,check-in Baggage
AS41,Honoria Torres,20,Male,75698 Farragut Pass,264-439-6033,check-in Baggage
AS42,Banky Kalkofen,38,Female,0 Crest Line Court,787-489-3757,Support staff
AS43,Bree Tweddle,28,Male,0166 Sutteridge Center,303-503-5991,General Manager
AS44,Neile Katt,44,Male,3884 Schlimgen Crossing,812-417-6445,Support staff
AS45,Alwin Chillingsworth,20,Female,77 Valley Edge Way,538-353-1021,Support staff
AS46,Philipa Brockie,37,Male,75263 Nelson Crossing,168-468-1738,Support staff
AS47,Tamma Spileman,36,Male,5027 Melrose Crossing,844-388-0006,Boarding Incharge
AS48,Winna Rayman,21,Male,35 Green Ridge Center,402-516-4367,Support staff
AS49,Stirling Fautly,23,Female,0 Hollow Ridge Terrace,254-930-5620,General Manager
AS50,Shaine Joron,30,Female,5864 Mcguire Junction,573-709-5577,Receptionist
AS51,Marjorie Thurley,39,Male,72647 Orin Terrace,748-425-5478,Boarding Incharge
AS52,Jeannette Lipmann,24,Female,8 Merry Court,914-277-1926,check-in Baggage
AS53,Doyle Wallbank,46,Female,7366 Tennessee Pass,523-588-6601,General Manager
AS54,Evvy Chittie,25,Male,272 Loeprich Point,538-749-5367,Receptionist
AS55,Dix Cramer,50,Female,457 Northport Crossing,589-174-4859,General Manager
AS56,Ira Challener,37,Female,87 Pearson Trail,339-735-4900,General Manager
AS57,Vere Davenall,20,Female,33496 Forest Dale Trail,175-706-9304,General Manager
AS58,Xenos Whymark,24,Female,4457 Calypso Drive,321-608-8001,check-in Baggage
AS59,Simonette Blackston,39,Female,3753 Grayhawk Alley,844-833-8705,check-in Baggage
AS60,Alleyn Eixenberger,46,Male,8 Crest Line Park,645-573-1400,General Manager
AS61,Daveen Holehouse,29,Male,718 Helena Road,792-140-9001,Support staff
AS62,Kareem Kneebone,31,Male,823 North Street,319-988-2292,check-in Baggage
AS63,Nikolos Climie,33,Male,2 Badeau Park,271-851-4415,General Manager
AS64,Darby Northam,29,Female,23 Dwight Street,974-763-9368,check-in Baggage
AS65,Hyacinthia Ruler,47,Female,587 Waubesa Drive,476-302-7518,Boarding Incharge
AS66,Rosalynd Summerson,24,Male,948 Transport Court,625-691-8337,Receptionist
AS67,Leonid Salerno,25,Male,18 Pearson Drive,847-492-7012,Support staff
AS68,Rochester Cella,36,Female,23559 Northwestern Place,976-320-9212,General Manager
AS69,Calla Ritchie,31,Male,75660 Mosinee Drive,456-658-3938,Support staff
AS70,Carolan Sharply,35,Male,77462 Rigney Point,727-276-8674,Receptionist
AS71,Brent Godar,21,Male,1 Golf View Center,634-997-5221,General Manager
AS72,Fritz Broxap,49,Male,6 Glendale Center,228-758-6232,Receptionist
AS73,Pierre Jakeman,20,Female,84541 Miller Plaza,234-134-1124,Boarding Incharge
AS74,Margarethe Deaton,42,Female,99323 Grasskamp Place,948-488-7812,Receptionist
AS75,Rosabel Cawston,24,Male,842 Morrow Avenue,151-988-3267,Receptionist
AS76,Yardley Tirone,37,Female,19 Anderson Terrace,585-920-2788,Receptionist
AS77,Frederigo Horwell,21,Female,02743 Arkansas Road,205-746-2266,Receptionist
AS78,Chickie Sawood,20,Female,5329 Summerview Park,625-589-5140,check-in Baggage
AS79,Dollie Kingdon,38,Female,3830 Bartillon Plaza,689-142-8518,Boarding Incharge
AS80,Marthe Petrecz,39,Male,89 Schmedeman Parkway,494-636-6778,General Manager
AS81,Marie-jeanne MacMaykin,24,Female,4 American Ash Street,963-250-1587,Boarding Incharge
AS82,Dredi Beavington,27,Female,460 Stuart Alley,662-614-1935,Receptionist
AS83,Terri Croneen,39,Male,56 Vidon Terrace,467-170-0086,Receptionist
AS84,Alphonso Mesnard,27,Female,31 Knutson Trail,636-896-3584,Boarding Incharge
AS85,Jody Billingsly,38,Male,281 Main Place,874-622-1144,Boarding Incharge
AS86,Trenton Scapelhorn,40,Male,865 Farmco Terrace,144-357-1853,check-in Baggage
AS87,Alyss Haydock,40,Male,14 Starling Road,719-241-1965,Support staff
AS88,Erskine Larroway,40,Male,746 Fairview Plaza,275-516-2400,check-in Baggage
AS89,Dougie Aberchirder,23,Male,8673 Westerfield Way,784-523-6792,Receptionist
AS90,Keven Linn,45,Female,94 Loeprich Center,363-724-5894,General Manager
AS91,Adi Husk,50,Female,2 Morning Junction,806-514-0039,Receptionist
AS92,Arron Hallock,30,Male,471 Sunfield Place,947-326-3183,check-in Baggage
AS93,Brian Barnard,31,Male,1 Meadow Ridge Street,606-204-1191,Support staff
AS94,Titos Cucinotta,39,Male,0 Oxford Crossing,577-721-7416,General Manager
AS95,Renaldo Deery,50,Male,26612 Hudson Plaza,407-366-4167,Receptionist
AS96,Ashby Janaud,49,Female,58431 Park Meadow Place,921-537-2160,Support staff
AS97,Kyle Sterry,48,Female,10 Barnett Parkway,951-433-0951,Receptionist
AS98,Phedra Jeannot,32,Male,1 Oxford Circle,133-603-0610,Boarding Incharge
AS99,Abe Peyes,41,Female,8 Monica Plaza,749-874-9002,Receptionist
AS100,Filippa Higgan,45,Female,6035 Green Road,170-794-0017,check-in Baggage
AS101,Ashli Aylward,41,Female,75360 Columbus Alley,702-309-7929,check-in Baggage
AS102,Wilow Alliott,40,Male,069 Katie Park,734-304-2505,General Manager
AS103,Sascha Durak,33,Female,992 Sloan Parkway,868-453-6681,General Manager
AS104,Jeddy Carress,34,Male,0743 Aberg Place,400-933-0414,General Manager
AS105,Adria Onions,37,Male,77967 East Terrace,919-779-5035,Support staff
AS106,Gordon Michin,41,Female,81598 Vahlen Street,143-735-6173,Receptionist
AS107,Engracia McLanachan,25,Male,364 Saint Paul Lane,968-900-3102,check-in Baggage
AS108,Willi Hargreave,48,Male,49 Luster Avenue,410-290-2309,check-in Baggage
AS109,Rosalinde Oakey,37,Male,95 8th Lane,709-846-4072,General Manager
AS110,Irvine Rieger,31,Female,11712 Hansons Place,117-410-8081,Boarding Incharge
AS111,Englebert Ventris,31,Male,359 Messerschmidt Circle,190-869-1325,check-in Baggage
AS112,Car Alywin,39,Male,53 Haas Street,359-314-2613,General Manager
AS113,Gustave Gordon,25,Male,53332 Mcbride Trail,205-656-4074,Receptionist
AS114,Romy Naisbit,29,Female,939 Muir Crossing,188-944-9669,Support staff
AS115,Lilla Tuxell,46,Male,36 Pepper Wood Drive,605-997-1938,Support staff
AS116,Curtis Mignot,27,Male,300 Dahle Hill,316-775-8299,check-in Baggage
AS117,Bartlet O' Sullivan,22,Male,7 Arrowood Circle,957-743-0657,Boarding Incharge
AS118,Fidela Waberer,26,Female,64822 Elmside Center,769-853-8369,check-in Baggage
AS119,Griffith Antrobus,49,Female,700 Porter Pass,868-327-6101,Support staff
AS120,Mehetabel Ebrall,50,Female,7926 3rd Junction,164-203-2475,check-in Baggage
AS121,Bo Spiniello,44,Male,86 Kinsman Crossing,105-167-4896,Receptionist
AS122,Lynett MacKaig,30,Male,29867 Goodland Terrace,988-929-3881,General Manager
AS123,Dela Ilson,49,Female,62 Oak Trail,239-312-2668,General Manager
AS124,Ashbey Winterson,33,Female,6142 Daystar Crossing,392-518-4435,Support staff
AS125,Gaby Webley,25,Female,8342 Monica Park,963-256-6207,Support staff
AS126,Knox Crosier,20,Male,73099 Green Ridge Drive,313-303-4449,check-in Baggage
AS127,Geoffrey Brearty,42,Male,352 Basil Street,218-782-1475,check-in Baggage
AS128,Elke Guido,28,Male,625 Ilene Court,316-653-3348,check-in Baggage
AS129,Pris Gerish,29,Female,45 Gerald Junction,111-409-2803,General Manager
AS130,Karyl Goracci,43,Male,0866 Briar Crest Point,143-238-3458,Receptionist
AS131,Granny Abisetti,33,Female,29227 Blackbird Alley,508-185-6455,check-in Baggage
AS132,Harrietta Whetton,36,Female,14435 Holy Cross Hill,723-723-8068,Receptionist
AS133,Loutitia Klimuk,32,Female,37 Anniversary Center,576-152-1923,check-in Baggage
AS134,Elroy Joire,47,Female,313 Nova Trail,162-427-3160,General Manager
AS135,Vernon Reedshaw,43,Female,59 Stephen Lane,191-134-5246,General Manager
AS136,Annalise Frenzel;,35,Female,07 Cardinal Street,647-343-1922,Receptionist
AS137,Jedd McFade,46,Female,72114 Daystar Crossing,160-850-9096,Boarding Incharge
AS138,Haley Augustine,45,Female,0676 Stang Court,348-197-5037,Boarding Incharge
AS139,Veronika Astlet,37,Male,8977 Westport Pass,854-321-2067,Receptionist
AS140,Sibel O'Roan,50,Male,1843 Myrtle Drive,963-524-9578,Receptionist
AS141,Karlik Glanfield,30,Male,9 Merry Park,639-335-6428,General Manager
AS142,Jacobo Perillio,24,Female,2652 Roth Trail,811-913-8020,Receptionist
AS143,Maxy Pottes,37,Female,8147 Prairieview Circle,517-561-9823,General Manager
AS144,Aloise Skeath,22,Female,34039 Eagle Crest Avenue,436-420-2375,Boarding Incharge
AS145,Othilia Evennett,22,Female,41 Forster Lane,690-709-4765,Support staff
AS146,Deck Frisby,45,Female,577 Lighthouse Bay Trail,655-378-1347,Receptionist
AS147,Timmie Krzysztof,46,Male,695 Center Point,146-183-2555,check-in Baggage
AS148,Tansy Bidewell,23,Female,1757 Nova Junction,609-435-6511,Receptionist
AS149,Earlie Axten,30,Male,9 Homewood Point,806-531-2221,General Manager
AS150,Felicio Guiu,28,Male,98 Manitowish Plaza,223-584-7290,Boarding Incharge
AS151,Korrie Hardie,25,Female,73 Haas Plaza,299-982-5890,check-in Baggage
AS152,Bonnie Gundry,34,Female,780 Bobwhite Drive,990-809-9470,check-in Baggage
AS153,Harri Farrear,48,Female,49 Trailsway Hill,145-491-1808,Boarding Incharge
AS154,Ynez Clapston,23,Male,18057 Dayton Trail,482-176-2492,check-in Baggage
AS155,Caty Harner,43,Female,3 Banding Street,351-497-6087,Boarding Incharge
AS156,Barby Trengrouse,20,Male,63 Coolidge Way,189-369-5052,check-in Baggage
AS157,Marven Sarge,31,Male,0 Mitchell Plaza,661-536-3176,Support staff
AS158,Bertie Shilliday,44,Male,3520 Melrose Junction,428-842-0761,Boarding Incharge
AS159,Farley Shelton,49,Male,594 Bowman Hill,142-251-9246,Receptionist
AS160,Paula Vidloc,29,Male,6 Loeprich Court,725-484-2731,Support staff
AS161,Catie Fairburn,28,Female,9 Union Plaza,510-126-3365,check-in Baggage
AS162,Jakie Plinck,26,Female,1940 Drewry Park,173-443-3840,General Manager
AS163,Buddy Dyne,36,Female,57 Eggendart Street,398-684-3362,General Manager
AS164,Em Kensy,21,Male,09 American Hill,134-604-3926,Support staff
AS165,Abran Wigsell,24,Male,9 Fairfield Alley,166-279-5650,General Manager
AS166,Ania Antoniottii,27,Male,39 Lillian Avenue,670-940-7846,Support staff
AS167,Garv Croysdale,35,Male,24 Melby Alley,592-155-9832,check-in Baggage
AS168,Verla Dami,20,Male,63 Kenwood Circle,871-647-1320,Boarding Incharge
AS169,Raymond Paynter,46,Female,2543 High Crossing Alley,964-352-7005,check-in Baggage
AS170,Rosco Partkya,46,Male,4 Garrison Court,949-509-2277,Receptionist
AS171,Wolf Ciccottio,32,Male,1 Jenifer Street,821-827-2613,Receptionist
AS172,Lyn Duffer,48,Male,86418 Talisman Drive,774-277-0932,Receptionist
AS173,Garv McElwee,31,Male,01 Hazelcrest Lane,366-407-2689,check-in Baggage
AS174,Bernete Butterly,38,Male,3 Summer Ridge Lane,953-684-5370,Support staff
AS175,Purcell Gookes,48,Male,89725 Vidon Court,180-200-5991,check-in Baggage
AS176,Gibb Treece,36,Male,350 Meadow Valley Drive,922-819-4086,Support staff
AS177,Nickolaus Pettyfar,21,Female,4 Mayfield Avenue,284-511-5729,Boarding Incharge
AS178,Cass Meace,30,Male,486 Leroy Hill,481-299-0376,Receptionist
AS179,Leeanne Lawry,47,Male,09566 Springview Terrace,596-450-6861,Boarding Incharge
AS180,Giffie Gambles,26,Male,3 Green Court,554-234-4422,Support staff
AS181,Evin Zambonini,46,Male,4290 Derek Center,450-237-7614,check-in Baggage
AS182,Deb Dormand,33,Female,346 Pepper Wood Pass,609-440-5761,check-in Baggage
AS183,Harlie Harbin,29,Male,0 Talmadge Hill,466-995-2112,Receptionist
AS184,Jamaal Swatland,28,Female,43674 Lighthouse Bay Lane,959-112-7711,check-in Baggage
AS185,Cymbre Joisce,34,Female,9753 Lawn Avenue,818-742-1492,Support staff
AS186,Michelle Galer,31,Male,691 Jenna Park,452-712-5346,Receptionist
AS187,Mannie Swidenbank,36,Female,815 Golden Leaf Pass,722-200-9297,Receptionist
AS188,Cassey Ionnidis,23,Male,33113 Macpherson Park,679-351-2127,General Manager
AS189,Kelsey Sollime,46,Female,75124 Crescent Oaks Point,864-964-6422,General Manager
AS190,Molly Vondracek,37,Female,577 Crownhardt Drive,780-597-8031,Support staff
AS191,Trev Capes,24,Female,1 Fieldstone Hill,237-460-3941,check-in Baggage
AS192,Danya Brownlie,40,Female,6401 Hooker Drive,613-861-7618,General Manager
AS193,Edi Bairstow,21,Female,94167 Stone Corner Hill,458-216-4593,Boarding Incharge
AS194,Saunderson Treadaway,20,Female,87 Columbus Street,525-272-4404,Boarding Incharge
AS195,Rhianon Kasman,45,Female,50 Hayes Place,788-678-9242,General Manager
AS196,Gordan Clarricoates,39,Male,3 Artisan Circle,834-400-7670,General Manager
AS197,Bell Monnery,49,Male,2 Barby Circle,157-695-2216,Support staff
AS198,Yul Bolgar,23,Female,0291 Washington Parkway,703-165-2618,Support staff
AS199,Deonne Monard,21,Male,817 Carioca Avenue,413-517-8979,Boarding Incharge
AS200,Pauline Ardley,48,Female,2130 Dwight Street,428-321-4393,Support staff
AS201,Valaria Cosby,30,Female,86545 4th Terrace,545-135-4562,Support staff
AS202,Kiri Sadd,36,Male,15 Columbus Plaza,814-243-3292,General Manager
AS203,Clare Wattinham,40,Female,4 High Crossing Road,531-106-5621,Support staff
AS204,Bartholomeo Pharro,42,Female,0875 Westerfield Pass,109-711-0753,Support staff
AS205,Nanette Storek,28,Male,4 Ridgeview Pass,394-304-8604,Boarding Incharge
AS206,Ulises Tanslie,20,Female,8224 Esch Hill,959-613-6900,Receptionist
AS207,Lorettalorna Artin,36,Female,60 Waywood Circle,738-437-7092,Support staff
AS208,Euphemia Perott,29,Female,599 Rieder Street,745-753-7252,Boarding Incharge
AS209,Karrah MacScherie,31,Female,66 Forest Place,173-794-5829,General Manager
AS210,Waldon Alebrooke,40,Female,9 Lien Road,686-723-0815,Receptionist
AS211,Kari Ebbett,39,Male,8710 Bonner Drive,644-485-9014,Boarding Incharge
AS212,Carmela Fittis,35,Female,79429 Reindahl Street,736-926-9227,Receptionist
AS213,Susie Ghent,35,Female,4508 Crowley Hill,385-276-0407,Support staff
AS214,Demeter Phythean,28,Male,0973 Pierstorff Crossing,607-789-3714,General Manager
AS215,Rafaelia Blood,44,Male,527 Little Fleur Crossing,734-420-2965,General Manager
AS216,Alyss Guillart,40,Female,12 Alpine Center,696-203-0420,Boarding Incharge
AS217,Danya Boss,46,Male,32 Autumn Leaf Terrace,407-795-9348,Receptionist
AS218,Welbie Palmby,24,Female,1 East Alley,408-466-4553,Receptionist
AS219,Verine Bremeyer,30,Female,7198 Bartelt Plaza,160-975-9867,General Manager
AS220,Bernice Scrange,25,Female,66450 Talisman Crossing,213-675-8501,check-in Baggage
AS221,Andy Danshin,47,Female,51 Victoria Park,270-197-3113,General Manager
AS222,Dimitry O'Carrol,27,Female,26700 Susan Junction,961-523-2734,Receptionist
AS223,Tulley Klaffs,48,Male,2698 Crescent Oaks Avenue,875-894-5924,Boarding Incharge
AS224,Morty Brooks,43,Female,3 Northridge Alley,298-188-8267,Support staff
AS225,Valina Bohills,30,Male,350 Meadow Valley Circle,838-535-8389,General Manager
AS226,Hendrika Yarnall,38,Female,137 Westridge Junction,677-668-3834,Boarding Incharge
AS227,Marylinda Budge,32,Male,280 Dakota Center,192-297-4991,Receptionist
AS228,Windham Corwin,46,Male,3 Sherman Hill,134-257-5378,check-in Baggage
AS229,Shalne Giorgi,25,Male,8091 Sugar Plaza,266-938-9635,Receptionist
AS230,Merwin Labrum,46,Male,33546 Cambridge Crossing,159-448-3445,General Manager
AS231,Falito Crummie,33,Female,14 Linden Drive,466-571-1646,Boarding Incharge
AS232,Haley Shyre,26,Female,13808 Lukken Street,622-114-3492,Boarding Incharge
AS233,Reba Huikerby,35,Male,9445 Chive Way,577-401-9093,Receptionist
AS234,Penelopa Dymond,27,Female,09834 Monterey Parkway,939-992-4833,Receptionist
AS235,Aymer Bunkle,33,Male,9 Cody Crossing,852-452-8073,Boarding Incharge
AS236,Keelia Chatin,40,Male,14 Grayhawk Junction,508-665-1592,Receptionist
AS237,Leann Houndsom,24,Male,430 Ruskin Alley,638-358-9091,Boarding Incharge
AS238,Kerk Bollands,20,Male,94323 Melrose Avenue,104-366-1179,Receptionist
AS239,Kevin Fancet,50,Male,49 Scoville Point,892-909-8827,Receptionist
AS240,Dalt Hrinchishin,50,Female,044 Hintze Crossing,287-732-6999,Boarding Incharge
AS241,Risa Stillwell,33,Male,03084 Express Hill,217-771-0689,Receptionist
AS242,Garvin Grimston,30,Male,52 Welch Road,416-569-4150,Support staff
AS243,Ronna Kloss,23,Female,831 Novick Terrace,651-358-2040,General Manager
AS244,Natty Lempke,50,Male,7 Paget Lane,313-739-9607,Receptionist
AS245,Catharine Worlidge,43,Male,8847 La Follette Park,308-456-3646,Support staff
AS246,Hendrick Hayer,26,Female,51 Hallows Point,337-946-6364,Boarding Incharge
AS247,Georgianna Hawkin,49,Male,68 Oak Hill,355-137-8136,General Manager
AS248,Avictor Swyn,24,Male,5 Huxley Crossing,617-521-7696,check-in Baggage
AS249,Enrique Sharply,40,Male,3798 Farragut Park,386-697-3940,Boarding Incharge
AS250,Olivie McGiveen,28,Male,86871 Dorton Way,771-560-9294,Boarding Incharge
AS251,Fred Fonquernie,30,Male,03 Myrtle Street,476-416-7762,Support staff
AS252,Brittne Janczewski,32,Female,44 Welch Lane,396-890-4334,Boarding Incharge
AS253,Erna Jewis,49,Female,39 Di Loreto Way,282-853-9514,General Manager
AS254,Colline Petru,46,Female,859 Katie Plaza,554-553-9941,Boarding Incharge
AS255,Sidney Giannazzi,21,Male,333 Delladonna Court,941-732-2403,Receptionist
AS256,Aleece Gettings,49,Female,229 Village Junction,628-362-9505,check-in Baggage
AS257,Otho Ceschi,44,Female,5 Independence Plaza,560-809-9822,check-in Baggage
AS258,Lannie Haggard,23,Female,174 Pawling Point,627-846-1349,Support staff
AS259,Genevra Finci,48,Male,78211 Anniversary Drive,786-908-1260,Receptionist
AS260,Aliza Shoreson,40,Male,4 Meadow Ridge Center,215-778-9637,General Manager
AS261,Florina Horley,45,Female,1342 Anderson Park,327-526-4561,Boarding Incharge
AS262,Florance Lotterington,31,Male,64 Corscot Trail,981-162-0651,Receptionist
AS263,Derrick Canadas,36,Female,48 Bunting Place,603-360-3686,Receptionist
AS264,Audi Digman,44,Male,408 Hoard Way,878-683-9197,Receptionist
AS265,Eadmund Roloff,33,Female,23711 Reindahl Lane,129-362-3628,check-in Baggage
AS266,Dugald Quenell,35,Male,0 Eagan Road,770-217-2528,Boarding Incharge
AS267,Jobye Westmoreland,36,Male,186 Lindbergh Avenue,897-333-5278,Receptionist
AS268,Ivett Gritton,21,Male,3 Graedel Circle,120-644-4987,Support staff
AS269,Corly Darrigone,50,Female,1 Clemons Avenue,773-590-6722,check-in Baggage
AS270,Frederic Fallawe,50,Male,89 Northland Hill,297-774-0015,Boarding Incharge
AS271,Bartolemo Janoch,49,Female,652 Lighthouse Bay Place,317-485-8219,General Manager
AS272,Paige Summerfield,43,Male,95451 Lerdahl Way,920-632-9039,General Manager
AS273,Harbert Olivi,33,Male,19 Anzinger Pass,735-571-7095,General Manager
AS274,Tab Strathdee,35,Male,5 Steensland Pass,131-415-3271,Boarding Incharge
AS275,Laure Tremmil,41,Female,61 Ohio Hill,911-420-4435,General Manager
AS276,Charita Moseby,40,Female,0434 Gina Drive,789-142-3767,Support staff
AS277,Tuesday Dowsing,26,Male,5754 Cardinal Hill,844-725-0528,check-in Baggage
AS278,Danie Glencrash,36,Female,985 Morning Hill,898-751-6054,check-in Baggage
AS279,Baird Woloschin,30,Male,044 Charing Cross Lane,307-292-2175,Boarding Incharge
AS280,Annalee Moubray,25,Female,887 David Road,911-776-1969,Boarding Incharge
AS281,Karita Brisland,40,Male,1 Charing Cross Street,766-683-4619,General Manager
AS282,Lindsey Sinnott,50,Male,828 Rowland Junction,653-437-0445,Boarding Incharge
AS283,Amber Cejka,35,Female,707 Jay Parkway,816-870-3912,Receptionist
AS284,Bryn Ovanesian,27,Male,4 Fallview Point,894-162-1221,Receptionist
AS285,Ezmeralda Robichon,28,Female,1 Old Shore Pass,257-107-0776,check-in Baggage
AS286,Rayner Cator,38,Female,67 Pepper Wood Avenue,729-901-6541,check-in Baggage
AS287,Daveta Stichel,39,Female,8 Westend Lane,711-688-4905,check-in Baggage
AS288,Ole Dinsdale,28,Female,6243 Novick Avenue,828-473-2392,Support staff
AS289,Walther Bendixen,46,Male,72 Toban Drive,378-971-5553,check-in Baggage
AS290,Eddie Daburn,22,Male,719 Hanson Hill,932-146-6028,Receptionist
AS291,Margalo Kleeman,26,Female,12 Northwestern Drive,472-868-1127,Receptionist
AS292,Daune Pitcaithley,29,Male,13 Tony Terrace,438-639-6588,General Manager
AS293,Clem Mastrantone,37,Male,77 Westend Avenue,555-266-5324,General Manager
AS294,Anthiathia Wartnaby,42,Male,9232 Valley Edge Alley,902-162-6693,General Manager
AS295,Jefferson Cummins,28,Female,3997 Talmadge Terrace,640-734-1440,General Manager
AS296,Engelbert End,49,Female,523 Reindahl Trail,423-639-3126,Receptionist
AS297,Ysabel Bracher,36,Female,38417 Gale Alley,539-181-3236,Boarding Incharge
AS298,Lanni Wilber,48,Male,4 Forest Plaza,412-832-1668,Support staff
AS299,Skylar Lanphier,21,Male,955 Manley Street,210-791-2492,General Manager
AS300,Chancey Ruthven,44,Male,723 Hovde Pass,323-519-8729,Boarding Incharge
AS301,Sigfrid Beveridge,30,Male,5 Division Trail,412-979-0269,Support staff
AS302,Florence Buttery,23,Female,452 Springs Avenue,519-178-0078,Support staff
AS303,Matthieu Barock,20,Male,3 Talisman Court,712-394-5439,General Manager
AS304,Karrie Blanden,20,Male,7 Mayer Court,909-500-8303,check-in Baggage
AS305,Alva Ealam,44,Male,280 Marcy Trail,248-569-5684,check-in Baggage
AS306,Remington Finney,45,Male,62 Hoepker Drive,824-431-3535,Receptionist
AS307,Victoir Blaik,26,Male,397 Brentwood Road,191-141-9118,check-in Baggage
AS308,Wylma Titchener,48,Male,67 Surrey Center,865-501-0814,General Manager
AS309,Krishnah Bruckstein,23,Female,5 Brickson Park Plaza,883-525-6874,Receptionist
AS310,Vanni Jakubowski,30,Male,8493 Cody Street,558-418-4731,Receptionist
AS311,Vivianne Pozer,41,Female,295 Doe Crossing Park,938-710-8293,check-in Baggage
AS312,Emmie Speers,38,Male,38 Anderson Lane,872-980-1768,Support staff
AS313,Aeriela Bickerdike,46,Male,37 North Point,649-496-9502,General Manager
AS314,Trula Butt,32,Male,92 Towne Center,295-637-6101,Boarding Incharge
AS315,Steffane Jammes,20,Male,065 Vernon Place,307-883-2283,Boarding Incharge
AS316,Anni Folkerd,50,Male,4 Schiller Center,548-136-4771,Receptionist
AS317,Sergeant Gatenby,25,Male,56612 Basil Point,866-225-2256,check-in Baggage
AS318,Reuben Towse,36,Male,29252 Kingsford Drive,731-943-2043,Support staff
AS319,Johan Spurgin,41,Male,6865 Pankratz Center,388-246-9607,check-in Baggage
AS320,Constantino Lynam,20,Female,0155 Comanche Plaza,198-897-3332,Receptionist
AS321,Benetta Pioch,36,Female,9999 Drewry Place,784-457-6629,Support staff
AS322,Meredithe Sclanders,42,Female,4887 Mariners Cove Pass,406-408-9441,Boarding Incharge
AS323,Coreen Bauser,44,Male,662 Dawn Center,593-590-4016,General Manager
AS324,Abraham Peacocke,41,Male,5719 Carberry Point,829-923-3850,check-in Baggage
AS325,Hayden Buzine,20,Female,1494 Prairie Rose Pass,579-277-0781,Boarding Incharge
AS326,Claudia Graeser,32,Male,6688 Shoshone Avenue,943-917-7333,Boarding Incharge
AS327,Venita Mayling,27,Male,12449 Larry Hill,227-809-6487,Support staff
AS328,Ulberto Dowling,23,Female,892 Sullivan Alley,521-705-1059,General Manager
AS329,Cathrin Henrie,27,Female,3 Comanche Pass,216-630-1423,Boarding Incharge
AS330,Errol Schulze,40,Female,82 Spohn Pass,263-293-6932,Support staff
AS331,Aldwin Sallans,20,Female,93416 Dixon Hill,587-960-9606,Support staff
AS332,Tammie Von Oertzen,39,Male,17 Dexter Park,613-484-2985,General Manager
AS333,Harriot Hele,30,Female,8 Golden Leaf Point,173-406-2374,Receptionist
AS334,Eldon Goudard,34,Male,3622 Manufacturers Drive,642-845-2851,check-in Baggage
AS335,Cazzie Stowe,50,Male,9 Sutherland Street,893-807-2880,General Manager
AS336,Lorna Blankett,20,Female,745 Stang Circle,340-472-9959,Receptionist
AS337,Raynor De Andreis,45,Male,29490 Manley Pass,610-319-0863,Support staff
AS338,Joby Broggini,47,Female,6 Claremont Circle,551-308-3234,Support staff
AS339,Timothee Goodred,48,Female,58 Longview Center,849-679-3277,Receptionist
AS340,Cam Giddins,28,Female,83 Melody Crossing,703-687-3067,Boarding Incharge
AS341,Tiena Gwioneth,49,Male,50 Loeprich Parkway,184-353-8511,Boarding Incharge
AS342,Waly Guiel,48,Male,0 Oneill Place,727-720-8264,Receptionist
AS343,Batsheva Kennelly,25,Female,42862 Blackbird Avenue,992-480-9905,check-in Baggage
AS344,Candis Phibb,33,Male,2803 Cordelia Park,143-734-6133,check-in Baggage
AS345,Bancroft Rival,24,Male,0643 Bonner Lane,904-580-6632,Receptionist
AS346,Jo Rate,43,Female,07809 Memorial Parkway,744-906-6466,check-in Baggage
AS347,Raine Slayny,42,Male,6 Barnett Lane,856-745-6323,Boarding Incharge
AS348,Pansie Hightown,24,Female,84 Charing Cross Alley,376-584-3069,General Manager
AS349,Conrad Francioli,33,Male,4018 Gale Court,142-831-6048,Support staff
AS350,Brennen Rosenzwig,49,Male,2 1st Parkway,419-329-0187,Receptionist
AS351,Sargent Fraczkiewicz,32,Female,52076 Londonderry Junction,240-520-0431,Boarding Incharge
AS352,Wes Windeatt,29,Female,736 Scott Court,412-374-8955,Support staff
AS353,Marley Tomkowicz,36,Female,765 La Follette Street,197-583-2022,Support staff
AS354,Corilla Parcell,35,Female,653 Fairfield Street,781-918-9320,check-in Baggage
AS355,Vonnie Disbrow,23,Male,47 Bay Parkway,425-250-0296,Receptionist
AS356,Jess Bernon,41,Female,657 Canary Street,615-863-6397,Boarding Incharge
AS357,Filide Cleynman,20,Male,4301 Banding Lane,971-517-8717,General Manager
AS358,Kessia Bhatia,50,Female,51334 Forest Dale Avenue,675-357-2752,Receptionist
AS359,Van Del Monte,49,Female,58 Iowa Center,949-171-1130,Support staff
AS360,Gage Dawley,48,Female,94 Hooker Crossing,569-603-2504,Receptionist
AS361,Isa Bolton,29,Female,101 Heath Parkway,906-805-7790,check-in Baggage
AS362,Adeline Suckling,35,Male,77910 Forest Dale Terrace,748-101-6526,General Manager
AS363,Corabelle Jordi,24,Male,71108 Monterey Terrace,916-276-1850,Support staff
AS364,Derick Sadlier,38,Male,249 Jenna Plaza,561-363-3535,General Manager
AS365,Adaline Dickenson,39,Male,67 Kennedy Center,137-270-0236,Support staff
AS366,Celesta Bosdet,24,Female,0 Morrow Parkway,417-468-4940,General Manager
AS367,Elsi Salomon,28,Female,40230 Wayridge Road,240-100-1678,Receptionist
AS368,Sharron Amar,42,Female,3 Stang Way,388-205-9447,Boarding Incharge
AS369,Lanae Aitkenhead,25,Male,249 Granby Drive,960-986-8886,General Manager
AS370,Torry Macro,26,Male,98 Upham Pass,172-967-4725,Boarding Incharge
AS371,Harwilll Eke,39,Male,290 Hovde Junction,660-499-5812,Boarding Incharge
AS372,Celestia Merrgen,27,Male,7503 Thackeray Junction,733-695-3585,Support staff
AS373,Gladi Viggars,47,Female,8 Lakewood Gardens Road,786-918-9762,Boarding Incharge
AS374,Taryn Dundendale,49,Female,81 Thackeray Avenue,441-906-4023,Boarding Incharge
AS375,Rubie Forster,49,Male,30 Del Mar Plaza,628-460-3057,Receptionist
AS376,Mirabel Farnorth,37,Male,941 Butterfield Pass,591-449-4562,Support staff
AS377,Shea Atterbury,29,Female,002 Westerfield Terrace,531-169-9003,General Manager
AS378,Florentia Grolle,50,Male,6 Rowland Plaza,203-250-8244,Receptionist
AS379,Carline Jamary,24,Female,9 Anhalt Point,427-125-6087,Boarding Incharge
AS380,Gearard Rewan,42,Female,55 Summit Plaza,583-736-6586,Receptionist
AS381,Gideon Bolderoe,36,Male,16 Moland Plaza,354-221-0125,Boarding Incharge
AS382,Sallie Tuson,47,Female,5000 Dawn Trail,861-823-5800,Receptionist
AS383,Tanya Labrone,38,Female,62981 Division Park,442-980-8234,Boarding Incharge
AS384,Averyl Reay,22,Female,21933 Algoma Place,603-127-9549,Support staff
AS385,Linnie Danilewicz,48,Male,0 Transport Trail,357-492-4918,General Manager
AS386,Marlee Mathet,23,Female,99 Calypso Place,681-249-1580,Support staff
AS387,Maria Semarke,30,Male,4 Riverside Point,401-878-5603,General Manager
AS388,Phil McGavigan,21,Female,60672 High Crossing Point,206-650-7859,Support staff
AS389,Tana Fremantle,49,Male,7901 Lakewood Place,296-638-7707,check-in Baggage
AS390,Louisette Romeril,34,Male,743 Northwestern Avenue,984-551-0570,Support staff
AS391,Dione Dominy,41,Female,74451 Rieder Center,645-983-0273,Support staff
AS392,Melisandra Huskisson,25,Female,88854 Dixon Terrace,176-100-4738,General Manager
AS393,Aprilette Cianni,27,Male,6093 Mcguire Lane,340-537-9633,Receptionist
AS394,Richart Phillimore,44,Female,5 Claremont Lane,937-697-3355,Boarding Incharge
AS395,Flossy Hensmans,36,Female,22 Crownhardt Trail,162-460-0078,Boarding Incharge
AS396,Fiona Lucchi,37,Male,0702 Pierstorff Point,835-939-4097,Support staff
AS397,Marketa Patey,47,Male,6 Vahlen Way,568-693-4036,General Manager
AS398,Theresita Jendrassik,28,Female,52 International Trail,497-773-4153,Receptionist
AS399,Fabiano McBrier,38,Male,507 Fremont Road,139-104-1858,Receptionist
AS400,Merline Clubley,48,Female,1344 Paget Trail,102-134-8249,Boarding Incharge
AS401,Liuka Elcy,20,Male,74 High Crossing Point,440-387-6550,Support staff
AS402,Garvy Roos,31,Female,1649 Maywood Crossing,260-500-3966,Support staff
AS403,Raddy Pigden,26,Male,8 Nevada Pass,219-314-7925,Receptionist
AS404,Shellie Mussalli,35,Female,68625 Bluestem Hill,465-199-0928,check-in Baggage
AS405,Corene Ten Broek,22,Female,1297 Pennsylvania Lane,761-206-4459,Boarding Incharge
AS406,Corrine Orpen,45,Female,78 Novick Drive,761-294-2046,check-in Baggage
AS407,Elsey Drury,32,Male,0006 American Plaza,474-796-9185,Boarding Incharge
AS408,Julian Verbrugge,48,Female,55 Fair Oaks Crossing,506-982-2647,Support staff
AS409,Olenka Mowett,41,Male,5395 Graceland Circle,686-760-8330,General Manager
AS410,Paloma Sondon,45,Male,0 Farwell Street,834-888-0160,General Manager
AS411,Dareen Sheather,25,Male,49679 Loeprich Hill,867-903-3894,check-in Baggage
AS412,Heddi Arcase,45,Female,7501 Butterfield Point,270-472-8602,Support staff
AS413,Rabbi Jaram,21,Male,6435 La Follette Road,630-329-9231,General Manager
AS414,Anissa Hinchcliffe,21,Female,44094 Pawling Drive,677-715-7987,Receptionist
AS415,Buck Echlin,43,Female,2255 Arkansas Junction,594-894-0466,Support staff
AS416,Lyndsie MacRannell,31,Female,1910 Golf View Circle,992-609-8043,General Manager
AS417,Gabriele Aspell,48,Male,40025 Moland Parkway,201-447-7798,General Manager
AS418,Burnard Hiley,32,Male,19997 Sutteridge Point,974-637-7167,Receptionist
AS419,Stearn Dyter,42,Male,82021 Dorton Hill,825-777-2203,General Manager
AS420,Brnaby Fewings,35,Male,27 Farwell Parkway,635-968-1244,Support staff
AS421,Holt Balding,42,Male,32098 Lerdahl Junction,670-673-6254,Receptionist
AS422,Lenna Dingsdale,35,Female,9 Bay Pass,600-167-2314,General Manager
AS423,Stanley Clemonts,34,Female,90787 Elmside Crossing,930-581-5321,General Manager
AS424,Boothe Taillard,48,Female,8393 Sage Road,619-247-7158,Boarding Incharge
AS425,Roley Seamans,48,Male,466 Chinook Point,133-756-4452,Boarding Incharge
AS426,Sibilla Rennebach,23,Female,30 Fremont Crossing,480-269-2629,Boarding Incharge
AS427,Dion Hamon,36,Female,93 Prairieview Way,625-956-3420,check-in Baggage
AS428,Gauthier Masterman,38,Male,5620 Melrose Lane,527-770-2839,Boarding Incharge
AS429,Willdon Wharlton,42,Female,99 Mandrake Terrace,121-941-6212,check-in Baggage
AS430,Shae Parkhouse,47,Female,1064 Harper Terrace,980-500-6734,General Manager
AS431,Maurits Bonus,50,Male,0 Anzinger Road,157-573-1147,Receptionist
AS432,Claudianus Bearn,24,Female,43772 Northport Center,479-711-8484,Receptionist
AS433,Lyman Garard,38,Male,4852 Memorial Place,975-653-1084,Support staff
AS434,Mag Djekic,37,Male,85 Moland Center,453-967-5107,Boarding Incharge
AS435,Mona Wallsworth,42,Female,40 Milwaukee Alley,462-219-8358,Boarding Incharge
AS436,Kyle Growden,47,Female,76 Northwestern Circle,757-274-9758,Support staff
AS437,Leeanne Wimpenny,21,Male,3144 Laurel Drive,910-237-7985,Support staff
AS438,Cad Zanuciolii,25,Male,6 Hooker Hill,217-562-7620,General Manager
AS439,Lynette Mudd,34,Female,3 Sheridan Parkway,625-633-0344,Support staff
AS440,Will Thurnham,27,Male,64228 Jay Trail,317-798-2895,check-in Baggage
AS441,Andy Dashkov,48,Male,6287 Susan Crossing,979-430-1888,General Manager
AS442,Helen Hayland,49,Female,312 Bunker Hill Hill,312-811-8436,check-in Baggage
AS443,Hannis Willis,33,Male,61722 Carberry Avenue,835-245-6989,check-in Baggage
AS444,Albertine Moukes,44,Female,29698 International Pass,831-531-2454,Boarding Incharge
AS445,Kayley Raitt,32,Male,79 Lawn Place,264-130-8875,check-in Baggage
AS446,Margery Lorek,25,Female,83 Esker Crossing,773-973-1863,Boarding Incharge
AS447,Ermin Ambrogini,44,Male,663 Larry Street,905-714-8651,Boarding Incharge
AS448,Ward Thormwell,25,Female,29 Blaine Point,319-499-1495,General Manager
AS449,Laetitia Unwins,31,Female,6 Karstens Park,505-671-1367,Boarding Incharge
AS450,Shaun Tregiddo,32,Male,7 4th Road,452-428-0863,Receptionist
AS451,Marice Mirando,24,Female,6 Pleasure Circle,470-978-2813,General Manager
AS452,Algernon Rosenauer,42,Female,65 Homewood Point,722-414-6476,check-in Baggage
AS453,Bellina Younglove,37,Female,03564 Spenser Road,408-281-5651,Boarding Incharge
AS454,Salomone Sturmey,21,Male,6 Stoughton Drive,505-433-1956,Support staff
AS455,Lacey Sopp,23,Female,2324 Waywood Center,968-250-7610,check-in Baggage
AS456,Ronnica Litzmann,38,Male,077 Main Lane,779-521-3143,General Manager
AS457,Bessie Goodricke,21,Male,272 Manitowish Trail,724-747-3770,Support staff
AS458,Donielle Peggrem,39,Male,092 Merry Junction,720-666-5262,Boarding Incharge
AS459,Delores Bilston,26,Male,80 Erie Hill,304-299-9150,Support staff
AS460,Raynard Thomsen,50,Female,81 Mallory Parkway,169-255-9452,General Manager
AS461,Min Ughini,32,Female,791 Harbort Street,344-379-2644,Support staff
AS462,Ealasaid Fraser,38,Male,87855 Mockingbird Pass,600-609-3098,Receptionist
AS463,Marijo Fisby,31,Male,033 Pennsylvania Hill,289-370-4452,Boarding Incharge
AS464,Berky Kingerby,28,Female,391 Talmadge Street,957-341-9118,Support staff
AS465,Lynnelle Penburton,44,Female,83612 Prairie Rose Circle,513-572-9843,Support staff
AS466,Renell Lemon,33,Female,96323 Harper Court,907-454-9592,Receptionist
AS467,Jeffy Iddins,46,Female,8 Morningstar Lane,872-116-0710,Boarding Incharge
AS468,Gerald Blas,46,Female,4157 Gale Parkway,981-126-9205,check-in Baggage
AS469,Odilia Vaskin,32,Female,0 Bellgrove Street,825-700-1333,Support staff
AS470,Joela Hurndall,41,Female,38174 Caliangt Trail,252-266-2883,Support staff
AS471,Zondra Diment,41,Female,88754 Texas Point,918-782-2750,General Manager
AS472,Hannis Daykin,25,Male,32 Kipling Junction,969-809-4161,Boarding Incharge
AS473,Myranda Fligg,40,Female,92 Moulton Road,938-648-1499,Receptionist
AS474,Ricardo Ovington,22,Male,14412 Stephen Park,758-800-1265,Boarding Incharge
AS475,Jerrine Merrgen,21,Female,4042 Badeau Street,389-690-6883,Boarding Incharge
AS476,Daron Henzley,21,Female,2 Upham Plaza,892-809-2214,Support staff
AS477,Gilburt Chevis,46,Male,925 Holy Cross Road,341-322-5770,check-in Baggage
AS478,Drake Brettle,36,Female,90 Miller Point,329-974-0535,Receptionist
AS479,Jolyn Tapson,38,Male,45922 Meadow Valley Way,344-152-2297,Support staff
AS480,Pen Coll,49,Female,6765 Messerschmidt Plaza,225-907-8853,Support staff
AS481,Billie Schoolcroft,27,Female,27 Longview Plaza,257-769-4264,check-in Baggage
AS482,Beverlie Gostyke,39,Male,64473 Granby Alley,480-495-9058,Receptionist
AS483,Lambert Clee,48,Male,738 West Court,718-163-4000,General Manager
AS484,Caspar Flade,31,Female,4838 Paget Court,564-827-8638,General Manager
AS485,Verne Pauley,25,Male,22967 Lindbergh Junction,218-282-7343,General Manager
AS486,Karlene Clayhill,48,Male,86620 Chinook Street,331-381-6524,Boarding Incharge
AS487,Lucias Bricklebank,26,Female,64828 Emmet Place,948-755-3869,check-in Baggage
AS488,Berna Scole,42,Male,0 Kenwood Terrace,359-377-9469,Support staff
AS489,Blisse Delany,46,Female,2786 Meadow Vale Center,975-623-0658,check-in Baggage
AS490,Ada Mulligan,29,Female,19 American Crossing,263-520-6958,General Manager
AS491,Nealon Isenor,46,Male,32296 Hansons Point,162-145-3136,Boarding Incharge
AS492,Adriana Colvin,32,Male,78855 Steensland Road,822-364-0274,General Manager
AS493,Jae Copsey,43,Female,412 Dunning Pass,432-530-9063,General Manager
AS494,Isidro Kobera,24,Female,47346 Summer Ridge Pass,775-817-3059,General Manager
AS495,Sabina Hassey,21,Female,07 Katie Way,994-671-5022,Boarding Incharge
AS496,Wernher Veldens,43,Male,8694 Burrows Alley,139-183-4101,Boarding Incharge
AS497,Morgen Fenech,20,Male,9 Kinsman Lane,609-917-6031,Receptionist
AS498,Pet Kleinsmuntz,34,Female,784 Sycamore Pass,510-702-8108,check-in Baggage
AS499,Xylina Jaggs,22,Female,374 Red Cloud Junction,311-187-5614,Receptionist
AS500,Rikki Marchand,24,Female,829 Old Gate Parkway,245-707-9783,Receptionist