empId,empName,flightId,storeName,transportId,phone,address
Ex1,Allix Custed,N407AS,,,388-663-1236,34 Almo Circle
Ex2,Zebedee Spall,N3KUAA,,,213-770-2896,66351 Fremont Park
Ex3,Nickey Bichard,N171US,,,866-478-1693,3 Transport Place
Ex4,Jozef Fulford,N3HYAA,,,106-650-2657,38 Killdeer Point
Ex5,Fred Humberston,N527AS,,,458-544-0109,5 Stephen Point
Ex6,Claudell Mauchline,N3730B,,,432-970-6636,0128 Atwood Alley
Ex7,Jessi Duigenan,N635NK,,,621-476-0042,52217 Northfield Parkway
Ex8,Massimo Borgesio,N584UW,,,671-485-2326,1046 Steensland Pass
Ex9,Pet Rolfi,,Meetz,,752-558-2663,418 Melrose Way
Ex10,Martynne Mehmet,,Tambee,,448-260-4798,40952 Londonderry Crossing
Ex11,Janna Boldison,,Twinte,,322-751-4630,72 Summer Ridge Hill
Ex12,Krystal Coil,,Riffpath,,882-598-3290,3748 Boyd Junction
Ex13,Alanson Ramplee,,Brainlounge,,476-616-6731,9280 Thackeray Center
Ex14,Shannan Danielsohn,,Voolith,,523-675-7274,87 5th Place
Ex15,Edgar Sudworth,,Oyoloo,,449-210-2076,168 Garrison Hill
Ex16,Haywood Way,,Mydeo,,677-832-4323,0 Farmco Center
Ex17,Shell McGarrity,,Quamba,,278-120-0363,76048 Katie Crossing
Ex18,Juliane Betjes,,Vidoo,,142-565-9466,07705 Crowley Alley
Ex19,Kayle Noor,,Janyx,,895-932-7510,41366 Carpenter Parkway
Ex20,Virgie Drakes,,Meetz,,563-970-0273,758 Farwell Hill
Ex21,Denys Brugden,,Tambee,,547-986-4126,316 Pearson Plaza
Ex22,Ivonne Samsin,,Twinte,,419-343-2326,1 Dayton Place
Ex23,Cullan Wemes,,Riffpath,,535-635-2992,66287 Sullivan Point
Ex24,Stefanie Matyushonok,,Brainlounge,,149-124-8940,06926 Kim Drive
Ex25,Berri Farge,,Voolith,,848-501-8886,927 Delladonna Junction
Ex26,Haleigh Petri,,Oyoloo,,789-575-2713,52396 Macpherson Park
Ex27,Barnabas Willcott,,Mydeo,,593-553-6288,33 Sugar Trail
Ex28,Natalina Dimmock,,Quamba,,948-587-9030,8691 Veith Terrace
Ex29,Alanah Tomashov,,,T1,935-420-0979,3958 1st Center
Ex30,Vergil Cocklin,,,T2,307-791-8440,792 Talisman Hill
Ex31,Thurston Emps,,,T3,412-947-7922,12 Bowman Plaza
Ex32,Sheppard Wissby,,,T4,214-647-6556,12271 Almo Plaza
Ex33,Neala Chesson,,,T5,722-430-5816,9 Swallow Drive
Ex34,Hanson Piggott,,,T6,853-948-2209,4 Valley Edge Alley
Ex35,Larisa Nix,,,T7,936-779-1938,4 Continental Junction
Ex36,Cecilio Ellyatt,N389HA,,,267-937-1272,769 Messerschmidt Alley
Ex37,Juditha Duly,N804AW,,,522-890-7648,6 Elgar Trail
Ex38,Mar McAughtry,N76519,,,460-275-0897,68309 Steensland Junction
Ex39,Helge Gobat,N464AS,,,599-713-4640,3645 Cardinal Center
Ex40,Arv Kenneway,N607JB,,,469-760-2135,086 Ludington Place
Ex41,Kermie Champney,N633NK,,,112-438-3219,2 Roxbury Way
Ex42,Drusilla Dummigan,N606NK,,,112-749-7102,95 Glacier Hill Parkway
Ex43,Kay McPeck,N3BDAA,,,522-797-1727,85682 Golden Leaf Center
Ex44,Meade Yellowlee,N514AS,,,422-555-8029,04114 Pepper Wood Parkway
Ex45,Nicolai Kubat,N630NK,,,300-728-5795,11256 Jenna Circle
Ex46,Alric Mee,N597JB,,,731-890-0746,38 Canary Hill
Ex47,Janetta Cordey,N172US,,,265-643-5039,82164 Hintze Park
Ex48,Aloin Phizacklea,N303AS,,,820-244-4506,41277 Wayridge Street
Ex49,Emlynne McKibbin,,,T8,227-190-8549,8266 Randy Plaza
Ex50,Virgil Callan,,,T9,132-963-5726,81 South Crossing